id,Bname,brewery,style,city,state,country,ABV,IBU,EST_CAL,avg_scr,description,,,,,,,,,,,,,,
37,하이네켄(Heinken),Heineken Nederland,페일 라거(Pale Lager),Zoeterwoude,,Netherlands,0.050 ,null,150,2.1,,,,,,,,,,,,,,,
52,"시메이 화이트, 트리펠(Chimay White, Tripel, Cinq Cents)",Chimay,애비 트리펠(Abbey Tripel),Baileux,,Belgium,0.080 ,null,240,3.8,"Chimay Tripel은 전형적인 황금색을 띠고 약간 흐릿한 모양을하고 있으며, 머리 부분은 신선한 홉과 효모가 잘 조화 된 아로마를 특징으로합니다. 입안에서 감지되는 맥주의 맛은 홉의 냄새에서 나옵니다. 무엇 보다이 맥주에 특히 매력적인 향기를주는 무스카트와 건포도의 과일 향이 있습니다. 아로마가 쓴 맛을 보완합니다. 신맛은 없지만 입안에서 녹는 쓴맛이납니다. 이 최고 발효 트라 피스트 맥주는 병에서 언급 한 것으로 저온 살균되지 않았습니다. 성분 : 물, 맥아 보리, 밀 전분, 설탕, 홉 추출물 및 효모.",,,,,,,,,,,,,,
53,"시메이 블루(Chimay Bleue, Blue, Grande Réserve)",Chimay,벨지안 스트롱 에일(Belgian Strong Ale),Baileux,,Belgium,0.090 ,null,270,4,"Chimay Blue는 센 맥주로 분류됩니다. 신선한 이스트 향과 가볍과 장미같은 촉감이 기분좋은 맥주입니다. 마실 때 느껴지는 풍미는 향을 맡을 때의 기분좋은 느낌을 강조해주며, 가볍고 기분좋은 볶은 몰트 식감을 줍니다. 이 최고의 발효 맥주는 벼에서 재발효되며 살균처리하지 않습니다.",,,,,,,,,,,,,,
139,영스 더블 쵸컬릿 스타우트(Young's Double Chocolate Stout),Charles Wells (Marston's),스타우트(Stout),Bedford,,England,0.052 ,null,156,3.74,"재료는 페일 에일과 크리스탈 몰트, 초콜렛 몰트, 그리고 설탕과 홉, 흑초콜렛과 초콜렛 원액의 혼합물입니다. 초콜렛 몰트와 흑초콜렛이 풍부한 맛의 흑맥주와 섞여 만족스럽지만 과하지는 않은 단맛을 냅니다.",,,,,,,,,,,,,,
167,사무엘 아담스 옥토버페스트(Samuel Adams Octoberfest),Boston Beer Company,메르첸(Oktoberfest / Märzen),Boston,Massachusetts,USA,0.053 ,null,159,3.23,"이 계절의 맥주 한잔을 부을 때 가장 먼저 눈에 띄는 것은 색상입니다. Samuel Adams® Octoberfest는 그 자체가 계절을 반영하는 풍부하고 깊은 황금빛 호박색 색조를 가지고 있습니다. Samuel Adams® Octoberfest는 말토 애호가의 꿈이며, 4 가지 보리 볶음밥을 잘 조화시켜 캐러멜과 토피 같은 달콤한 향기가 조화를 이룹니다. 맥주는 독일의 고귀한 홉에 의해 전해지는 우아한 쓴맛으로 지나치게 달콤하지 않게되어 있습니다. 사무엘 아담스 ® Octoberfest는 여름의 더 가벼운 맥주에서 겨울의 더 건강한 맥주까지 훌륭한 전환점을 제공합니다. 맥주 빈티지 abv는 5.0 %에서 5.5 %까지 다양합니다.",,,,,,,,,,,,,,
203,무스헤드 라거(Moosehead Lager),Moosehead Brewery,페일 라거(Pale Lager),Saint John,,Canada,0.050 ,null,150,2.25,,,,,,,,,,,,,,,
221,에비스(Sapporo Yebisu),Sapporo Breweries,프리미엄 라거(Premium Lager),Tokyo,,Japan,0.050 ,null,150,2.49,,,,,,,,,,,,,,,
251,아사히 수퍼 드라이(Asahi Super Dry),Asahi Breweries,페일 라거(Pale Lager),Tokyo,,Japan,0.050 ,null,150,2.16,"저온 살균 병. 아사히 수퍼 드라이는 광범위한 시장 조사의 직접적인 결과였으며, 변화하는 일본인 식단과 잘 어울리는, 보다 맛이없고, 비교적 높은 알코올 함량과 가벼운 뒷맛을 가진 더 맛좋은 맥주에 대한 소비자의 선호를 나타냈다. 이 통찰력으로 Asahi는 자신의 양조 지식을 사용하여 아삭하고 상쾌하며, 깔끔한 뒷맛을 가진 맥주를 개발하여 이런  요구 사항을 충족했습니다. Code of project FX, 아사히 (Asahi)는 매우 약화되고 고도로 탄산화된 필스너 (pilsner)를 설계했습니다. 나중에 이름이 바뀐 제품인 Super Dry는 1987 년 3 월 17 일에 판매를 시작하여 마른 맥주 카테고리를 탄생 시켰습니다. 시장에서의 성공으로 유사한 경쟁 제품이 생겨 났으며 일본에서는 ""건맥주 전쟁""이, 국제적으로는 마른 맥주에 대한 간단한 마케팅 유행이 시작되었습니다. 그러나 아사히는 시간의 시험을 견디어 왔고, 수년 후 수퍼 드라이는 세계 최고의 드라이 맥주로서의 유산을 계속 이어 나가고 있습니다. 특수 효모 - 아사히 # 318은 슈퍼 드라이에 ""건조 함""을 부여하는 데 사용되는 아사히의 독점 재료입니다. 효모의 특수 가닥은 발효 과정에서 곡물과 함께 높은 희석과정을 일으 킵니다. 최고의 성분 - 아사히는 맛의 일관성을 유지하고 지속 가능성을 유지하기 위해 엄격한 기준에 따라 전세계에서 선택된 곡물 및 홉을 사용합니다. 간장 함량이 높고 고상한 맛과 아로마 홉이 모두 수퍼 드라이의 매끄러운 맛을주는 주요 요인입니다.",,,,,,,,,,,,,,
268,기린 이치방(Kirin Ichiban),Kirin Brewery Company,페일 라거(Pale Lager),Tokyo,,Japan,0.049 ,null,147,2.19,,,,,,,,,,,,,,,
336,앤더슨 밸리 홉 오틴 IPA(Anderson Valley Hop Ottin IPA),Anderson Valley Brewing Company,아메리칸 IPA(American IPA),Boonville,California,USA,0.070 ,78,210,3.65,"홉 - 헤드, 당신의 꿈이 이루어졌습니다! Hop Ottin '은 ""열심히하는 홉 (hops)""을 위해 빚어 내고 있습니다. 그리고 그들은이 양조주에서 분명히 열심히 일하고 있습니다. Hop Ottin '은 깊고 복잡한 몸으로 바람을 피우는 강한 꽃 향기로 시작합니다. 흥미로운 균형 속에서, 꿀이 흠뻑 젖은 몰트는 풍부한 홉 (hop)의 음조를 만들어냅니다. 마침내 홉 (hop)이 만족스럽게 선명하게 마무리됩니다. (40L), 뮌헨 (20L) HOPS : 콜럼버스, 캐스 캐 이드 (Cascade), 콜럼버스 (Collins), 캐스케이드 (Cascade)",,,,,,,,,,,,,,
390,코젤 다크(Kozel dark),Pivovar Velké Popovice (Asahi),둔켈(Dunkel / Tmavy),Velké Popovice,,Czech Republic,0.038 ,null,114,2.99,특별한 어둠의 몰트에서 생산 되었기 때문에 거품이 어둡다.,,,,,,,,,,,,,,
399,호가든(Hoegaarden),Brouwerij Hoegaarden (AB InBev),윗비어(Witbier),Hoegaarden,,Belgium,0.049 ,null,147,3.49,,,,,,,,,,,,,,,
405,밀러 제뉴인 드래프트(Miller Genuine Draft),Miller Brewing Company (MillerCoors),페일 라거(Pale Lager),Milwaukee,Wisconsin,USA,0.047 ,null,141,1.62,미국 양조의 진정한 혁신을 대표하는 MGD의 특허받은 차가운 여과 공정은 병이나 캔으로 마실 수 있는 생맥주를 부드럽게 합니다.,,,,,,,,,,,,,,
422,스톤 IPA(Stone IPA),Stone Brewing,인디아 페일 에일(IPA),Escondido,California,USA,0.069 ,77,207,3.93,,,,,,,,,,,,,,,
473,버드와이저 (Budweiser),Anheuser-Busch InBev (AB InBev),페일 라거 (Pale Lager),St. Louis,Missouri,USA,0.050 ,null,150,1.48,"1876 년부터 양조되고 판매 된 ""The King of Beers""는 세계에서 가장 많이 팔리는 맥주입니다. 버드 와이저는 1957 년 이래로 세계에서 가장 많이 팔린 맥주로 70 개국 이상에 유통되고 있습니다. 버드 와이저 (Budweiser)는 다른 프리미엄 맥주를 합친 것보다 많은 미국 프리미엄 맥주 카테고리를 이끌고 있습니다. 사실 미국에서 팔리는 거의 매 다섯 잔의 맥주 중 하나는 오늘 버드 와이저입니다. Beechwood는 맥주, 맥주, 맥주 및 맥주를 포함하여 다양한 종류의 맥주 및 맥주 제품을 제공합니다.""100 % 천연 성분으로 만들었습니다. 우리는 최고급 홉, 보리 맥아, 쌀, 효모 및 물만 사용합니다.""",,,,,,,,,,,,,,
528,브루클린 라거(Brooklyn Lager),Brooklyn Brewery (Kirin),엠버 라거(Amber Lager),Brooklyn,New York,USA,0.052 ,null,156,3.43,"브루클린의 주력 브랜드 인 Brooklyn Lager는 뉴욕의 ""고향""맥주로, Brooklyn이 이스트 코스트의 양조장이었던 날로 거슬러 올라간다. Brooklyn Lager는 수많은 상을 수상했습니다. Simon & Schuster Pocket Guide to Beer에서 마이클 잭슨 (Michael Jackson)을 썼습니다. ""드라이 호프하고 신선하며 꽃이 피고 확고하고 풍성한 Brooklyn Lager ** ***은 1988 년에 시작되어 그 이후로 성격을 나타 냈습니다.""",,,,,,,,,,,,,,
529,브루클린 브라운 에일(Brooklyn Brown Ale),Brooklyn Brewery (Kirin),브라운 에일(Brown Ale),Brooklyn,New York,USA,0.056 ,null,168,3.4,"브루클린 브라운 에일은 미국 재료만을 사용하여 만들어졌으며 1991 년 Strong Ale 카테고리의 Great American Beer Festival에서, 그리고 1992 년에는 American Brown Ale 카테고리에서 동메달을 탔습니다. Brooklyn Brown은 창백하고, 크리스탈이 있고, 초콜릿과 검은 색 몰트를 사용하여 복잡한 크림 같은 질감. 그것은 영국 공군보다 더 많이 뛰어 다닙니다.",,,,,,,,,,,,,,
530,브루클린 이스트 인디아 페일 에일(Brooklyn East India Pale Ale),Brooklyn Brewery (Kirin),인디아 페일 에일(IPA),Brooklyn,New York,USA,0.069 ,null,207,3.39,브루클린 동인도 페일 에일은 원래 여름철에 계절에 따라 1996 년에 일년 내내 제공되기 시작하여 열렬한 반응을 보였습니다. 영어 양조 및 맥주 역사를 전공 한 가렛 올리버 (Garrett Oliver)는 영국식 몰트와 홉을 사용하여 EIPA를 고전적으로 많이 끓였습니다 인도에서 봉사하는 영국군을 위해 만들어진 19 세기 맥주의 조형.,,,,,,,,,,,,,,
579,로그 아메리칸 엠버 에일(Rogue American Amber Ale),Rogue Ales,엠버 에일(Amber Ale),Newport,Oregon,USA,0.051 ,53,153,3.45,"황갈색 앰버 색상으로 커피 향기와 꽉 머리. 섬세한 볶은 맥아 액센트, 넉넉한 홉 사용 및 매끄러운 마무리. 13º PLATO 원재료 : 물, 보리 맥아 (Great Western 2-Row Malt, C40, C150), 캐스케이드 홉스, 팩맨 누룩.",,,,,,,,,,,,,,
585,로그 헤이즐넛 브라운 넥타(Rogue Hazelnut Brown Nectar),Rogue Ales,브라운 에일(Brown Ale),Newport,Oregon,USA,0.056 ,33,168,3.69,미국의 헤이즐넛 수도에서 유럽의 갈색 에일 맥주에 대한 이 트위스트는 원래 Rogue Brewmaster John Maier의 좋은 친구이자 열렬한 가정 양조업자인 Chris Studach에 의해 만들어졌습니다. 헤이즐넛 브라운 넥타 (Hazelnut Brown Nectar)는 헤이즐넛 향기로 풍부한 맛과 매끄러운 털갈이 향을 냅니다.,,,,,,,,,,,,,,
589,로그 데드 가이 에일(Rogue Dead Guy Ale),Rogue Ales,헬러 복 (Heller Bock),Newport,Oregon,USA,0.068 ,40,204,3.5,"Dead Guy는 Rogue의 ""PacMan"" 맥주 효모로 만든 독일 스타일의 Maibock입니다. Dead Guy는 Perle과 Saaz Hops와 함께 Northwest Harrington, Klages, Maier Munich 및 Carastan 몰트로 만들어졌습니다. 1990년대 초 Dead Guy Ale은 오리건 주 포틀랜드에있는 Casa U Betcha에서 마야의 날 (11월 1일, 모든 영혼의 날)을 기념하기 위해 제작되었습니다. 데드 가이 (Dead Guy) 디자인은 대중적으로 입증되었고 몇 년 후 Bottle 제품에 통합되었습니다. 16 ° 원재료 : 2-Row, C15, Munich & Rogue Farms Dare ™ 및 Risk ™ Malts; 펄 & 스털링 홉스 (Perle & Sterling Hops); 자유로운 범위 해안 물 & 팩맨 효모.",,,,,,,,,,,,,,
646,파울라너 옥토버페스트 비어(Paulaner Oktoberfest bier),Paulaner Brauerei (Schörghuber),메르첸(Oktoberfest / Märzen),Munich,,Germany,0.060 ,null,180,3.13,이것은 미국에서 판매되는 옥토버 페스트 매즈 (Oktoberfest Märzen)가 아닙니다. 또한 1L 캔에서 Paulaner Wiesn Bier로 판매되었습니다.,,,,,,,,,,,,,,
647,파울라너 헤페바이젠(Paulaner Hefe-Weissbier),Paulaner Brauerei (Schörghuber),헤페바이젠(Weissbier - Hefeweizen),Munich,,Germany,0.055 ,null,165,3.58,,,,,,,,,,,,,,,
670,올드 스펙클드 헨(Old Speckled Hen),Greene King,잉글리쉬 페일 에일(Pale Ale - English),Bury St. Edmunds,,England,0.050 ,null,150,3.08,,,,,,,,,,,,,,,
675,노스 코스트 레드 씰 에일(North Coast Red Seal Ale),North Coast Brewing Company,아메리칸 페일 에일(American Pale Ale),Fort Bragg,California,USA,0.055 ,42,165,3.48,엿기름과 홉은 이 맛이 풍부한 붉은 색의 페일 에일 (Pale Ale)에서 아름답게 결실을 맺습니다. Red Seal Ale은 길고 향긋한 마무리를 위해 전통적인 방식으로 양조됩니다.,,,,,,,,,,,,,,
676,노스 코스트 스크림쇼(North Coast Scrimshaw),North Coast Brewing Company,필스너(Pilsener),Fort Bragg,California,USA,0.044 ,22,132,3.02,,,,,,,,,,,,,,,
677,노스 코스트 올드 넘버 38 스타우트(North Coast Old No. 38 Stout),North Coast Brewing Company,드라이 스타우트(Stout - Dry),Fort Bragg,California,USA,0.056 ,53,168,3.54,"캘리포니아 레드 우드를 가로 지르던 Ft.Bragg-Willits Skunk 기차의 스팀 엔진의 이름을 따온 올드 No.38 스타우트는, 검은 맥아와 로스트된 보리의 토스트한 캐릭터와 커피 노트를 지닌 부드럽고 단단한 풍미를 가진 스타우트입니다.",,,,,,,,,,,,,,
678,노스 코스트 블루 스타(North Coast Blue Star),North Coast Brewing Company,위트 에일(Wheat Ale),Fort Bragg,California,USA,0.045 ,null,135,3.04,몰트 밀과 미국의 보리 중 가장 훌륭한 보리가 만나  홉을 더해 과일처럼 상쾌한 맥주를 만듭니다. 아메리칸 맥주 르네상스 스타일로 양조된 블루스타 (Blue Star)는 여과되지 않고 효모가 풍미에 컴플렉스한 노트를 추가합니다. 레몬 한 조각과 특히 좋습니다!,,,,,,,,,,,,,,
703,벡스 오리지널(Beck's Original),Brauerei Beck & Co. - Beck's (AB InBev),프리미엄 라거(Premium Lager),Bremen,,Germany,0.048 ,null,144,2.33,"우리의 독창적 인 Beck 's는 고전적인 독일 라거 맥주로 독특한 맛과 신선한 ""호피""꽃다발, 황금색 및 풍부한 부자가 특징입니다. 복잡성을 더하는 것은 약간 과일 같지만 확고한 선명도와 건조하고 깨끗한 마무리입니다.",,,,,,,,,,,,,,
705,벡스 다크(Beck's Dark),Anheuser-Busch InBev (AB InBev),둔켈(Dunkel / Tmavy),St. Louis,Missouri,USA,0.048 ,null,144,2.58,"벡스 다크 (Beck's Dark)는 풍부하고 부드럽고 느리고, 약간 달콤한 뒷맛을 가지고 있습니다. 깊은 흑갈색은 보리 맥아를 특별하게 구운 결과입니다. 벡스 다크 (Beck's Dark)는 다크 에일 리트 (dark ales)와는 달리 라거 맥주의 상쾌한 성질을 유지하면서 견고한 맛과 바디를 만들어주는 발효 라거입니다.",,,,,,,,,,,,,,
709,칼스버그 필스너(Carlsberg Pilsner),Carlsberg Brewery,필스너(Pilsener),Copenhagen,,Denmark,0.046 ,null,138,2.25,,,,,,,,,,,,,,,
712,칼스버그 엘리펀트(Carlsberg Elephant),Carlsberg Brewery,임페리얼 필스너(Imperial Pils/Strong Pale Lager),Copenhagen,,Denmark,0.072 ,null,216,2.27,,,,,,,,,,,,,,,
715,그롤쉬 프리미엄 라거(Grolsch Premium Lager),Grolsche Bierbrouwerij Ned. (Asahi),페일 라거(Pale Lager),Boekelo,,Netherlands,0.050 ,null,150,2.54,,,,,,,,,,,,,,,
717,필스너 우르켈(Pilsner Urquell),Plzensky Prazdroj (Asahi),체코 필스너(Czech Pilsner),Plzen,,Czech Republic,0.044 ,null,132,3.25,,,,,,,,,,,,,,,
718,감브리너스 프리미엄(Gambrinus Premium Svetlý Ležák 12°),Plzensky Prazdroj (Asahi),체코 필스너(Czech Pilsner),Plzen,,Czech Republic,0.050 ,null,150,2.88,,,,,,,,,,,,,,,
729,삿포로(Sapporo),Sapporo Breweries,페일 라거(Pale Lager),Tokyo,,Japan,0.049 ,null,147,2.25,,,,,,,,,,,,,,,
730,칭타오(Tsingtao),Tsingtao Brewery,페일 라거(Pale Lager),Qinqdao,,China,0.048 ,null,144,2.04,,,,,,,,,,,,,,,
742,코로나 엑스트라(Corona Extra),Grupo Modelo - Corona,페일 라거(Pale Lager),México DF,,Mexico,0.045 ,null,135,1.71,코로나 엑스트라(Corona Extra)는 멕시코에서 가장 많이 판매되는 맥주이며 멕시코에서 수출되는 주요 수출 브랜드입니다. 이 pilsener 유형의 맥주는 멕시코 시티에 위치한 Cervecería Modelo에 의해 1925년에 양조되었습니다.,,,,,,,,,,,,,,
814,구스 아일랜드 IPA(Goose Island Goose IPA),Goose Island Beer Company (AB-InBev),인디아 페일 에일(IPA),Chicago,Illinois,USA,0.059 ,55,177,3.54,,,,,,,,,,,,,,,
870,틱스톤 올드 피큘리어(Theakston Old Peculier),Theakston,올드 에일(Old Ale),Masham,,England,0.056 ,null,168,3.56,,,,,,,,,,,,,,,
884,잉링 트래디셔널 라거(Yuengling Traditional Lager),Yuengling Brewery,앰버 라거(Amber Lager),Pottsville,Pennsylvania,USA,0.044 ,null,132,2.79,,,,,,,,,,,,,,,
1039,델리리움 트레멘스(Delirium Tremens),Brouwerij Huyghe,벨지안 스트롱 에일(Belgian Strong Ale),Melle,,Belgium,0.085 ,null,255,3.62,"1989년 12월 26일 9% abv로 런칭되었다가, 2003년에 8.5%로 감소했습니다. ""Delirium Tremens""의 독특한 특징과 맛은 3가지 다른 종류의 효모를 사용함으로써 생깁니다. 향수 병과 같은 독창적인 포장과 다채로운 라벨은 이 맥주의 성공에 기여했습니다. 1997년 Stuart A. Kallen은 Delirium Tremens를 ""세계 최고의 맥주""로 지명했습니다. 시카고의 세계 맥주 선수권 대회(1998)에서 획득한 금메달은 이 맥주의 세계적인 명성을 확인해줍니다.",,,,,,,,,,,,,,
1155,쾨니히 루트비히 둔켈(König Ludwig Dunkel),Schloßbrauerei Kaltenberg (Warsteiner),둔켈(Dunkel / Tmavy),Kaltenberg,,Germany,0.051 ,null,153,3.14,전통 바이에른 양조 과정에서 제조된 하면발효 흑맥주 전문.,,,,,,,,,,,,,,
1156,바이헨슈테판 헤페바이스(Weihenstephaner Hefeweissbier),Bayerische Staatsbrauerei Weihenstephan,헤페바이젠(Weissbier - Hefeweizen),Freising,,Germany,0.054 ,14,162,3.83,"우리 황금색의 밀 맥주는 미세한 흰 거품과 함께 정향 냄새가 나며 상쾌한 바나나 향으로 소비자들을 감동시킵니다. 향이 풍부하며 이스트 맛이 부드럽습니다. 항상 즐거움을 선사하며 향이 강한 치즈와 함께하거나 혹은 전통적인 바바리아 송아지 소시지, 생선과 해산물과 함께 하면 맛이 좋습니다. Weihenstephan 언덕에서 수세기 동안의 양조 전통에 따라 양조됩니다.",,,,,,,,,,,,,,
1168,산미구엘 페일 필젠(San Miguel Pale Pilsen),San Miguel,페일 라거(Pale Lager),Mandaluyong City,Metro Manila,Philippines,0.050 ,null,150,2.04,"산 미구엘 맥주와 산 미구엘 드래프트라고도합니다. 2006 년과 2008 년 사이에 San Miguel Premium Lager로 미국에 수입되었습니다. San Miguel Pale Pilsen은 San Miguel Beer로 널리 알려져 있으며, 회사의 주력 브랜드이자 필리핀 최고의 맥주입니다. 그것은 세계 최대의 판매 맥주 중 하나입니다. 수입 보리 맥아뿐만 아니라 독일과 미국의 홉으로 만든, 그것은 전세계 40 개국 이상에 수출하고 있습니다.",,,,,,,,,,,,,,
1194,로덴바흐 그랑 크뤼(Rodenbach Grand Cru),Brouwerij Rodenbach (Swinkels Family Brewers),사우얼 레드(Sour Red / Brown),Roeselare,,Belgium,0.060 ,null,180,3.81,"만든지 얼마 안 된 맥주 1/3과 2년 간 오크나무 통에 숙성한 맥주 2/3을 섞은 술입니다. 오크나무에서 숙성된 술 덕에 과일맛이 나며, 풍부하고 강렬한 맛을 자랑합니다. 끝맛은 좋은 와인 뺨칠 정도입니다.",,,,,,,,,,,,,,
1267,기네스(Guinness Draught),St. James's Gate (Diageo),드라이 스타우트(Stout - Dry),Dublin,,Ireland,0.042 ,null,126,3.39,,,,,,,,,,,,,,,
1478,스텔라 아르투아(Stella Artois),Anheuser-Busch InBev Belgium (AB InBev),페일 라거(Pale Lager),Leuven,,Belgium,0.052 ,null,156,2.49,,,,,,,,,,,,,,,
1509,투이스 뉴(Tooheys New),Tooheys (Lion Co.),페일 라거(Pale Lager),Lidcombe,,Australia,0.046 ,null,138,2.05,가볍고 호쾌한 맛이 쓴 맛과 달콤한 맛의 균형에 의해 보완됩니다. 향상된 갈증 담금질 및 높은 음주력.,,,,,,,,,,,,,,
1513,투이스 올드(Tooheys Old),Tooheys (Lion Co.),브라운 에일(Brown Ale),Lidcombe,,Australia,0.044 ,null,132,2.97,강력한 발효 에일 효모로 만든 에일입니다. 이 맥주는 가볍게 호핑되었고 까만 맥아는 이 맥주에 더 어두운 색깔을 준다. 프루티 에일 같은 에스테르는 독특한 맛을 내며 커피 / 초콜릿의 미묘한 홉 맛과 잘 어울립니다.,,,,,,,,,,,,,,
1589,쿠퍼스 스파클링 에일(Coopers Sparkling Ale),Coopers Brewery,골든 에일(Golden Ale),Regency Park,,Australia,0.058 ,null,174,3.02,"Coopers Sparkling Ale은 수세기 전에 최고 발효 방법으로 자연스럽게 양조되었으며 Thomas Cooper의 시작과 같습니다. 이 맥주는 단단한 머리와 부드러 우면서 과일 향이 나는 성격 및 흐린 모양을주는 퇴적물로 강화 된 독특한, 풀 바디 한 향을 보여줍니다.",,,,,,,,,,,,,,
1590,쿠퍼스 베스트 엑스트라 스타우트(Coopers Best Extra Stout),Coopers Brewery,포린 스타우트(Stout - Foreign / Extra),Regency Park,South Australia,Australia,0.063 ,null,189,3.49,,,,,,,,,,,,,,,
1614,라 쇼페(La chouffe),Brasserie d'Achouffe (Duvel-Moortgat),벨지안 스트롱 에일(Belgian Strong Ale),Achouffe,,Belgium,0.080 ,null,240,3.76,"재료는 물, 보리 맥아, 홉, 이스트, 전화당 시럽, 고수입니다. La Chouffe는 여과되지 않은 금색 맥주로서, 병과 케그에서 재발효된 제품입니다. 과일맛이 나고, 고수로 향을 냈으며, 홉 색깔을 띠고 있습니다.",,,,,,,,,,,,,,
1692,가펠 쾰쉬(Gaffel kölsch),Privatbrauerei Gaffel Becker & Co.,쾰쉬(Kölsch),Cologne,,Germany,0.048 ,25,144,2.93,"Kolsch의 양조를 보호하는 법률은 1516 년의 독일 순도 법과 마찬가지로 엄격합니다. Kolsch 맥주는 Cologne시에서만 양조 할 수 있습니다. 가장 유명한 kolsch 양조장 인 Gaffel의 풍미는 추운 지하실에서 ""라거된(lagered)""(또는 숙성된) 에일 효모로부터 나옵니다. Gaffel은 창백하며, 희미하게 과일맛이 나고 끝맛이 아삭하고 튑니다. 아페레티프 또는 디제스티프로 즐기십시오.",,,,,,,,,,,,,,
2228,블루 문 벨지안 화이트(Blue Moon Belgian White),Blue Moon Brewing Company (MillerCoors),윗비어(Witbier),Denver,,Colorado,0.054 ,null,162,2.97,,,,,,,,,,,,,,,
2360,트라피스트 로슈포르 10(Trappistes Rochefort 10),Brasserie Rochefort,애비 쿼드루펠(Abbey Quadrupel),Rochefort,,Belgium,0.113 ,27,339,4.29,,,,,,,,,,,,,,,
2468,에딩거 헤페바이스비어(Erdinger Weissbier),Erdinger Weissbräu,헤페바이젠(Weissbier - Hefeweizen),Erding,,Germany,0.053 ,null,159,3.13,"탑 클래스의 프리비엄 화이트비어입니다. 에르딩거 맥주 사이에서만 Erdinger Weissbier가 권위를 가지는 것이 아니라, 백 맥주 전체에서 절대적인 위치를 점하고 있습니다. 좋은 이스트로 양조되며 바이에르 순도 요구를 엄격히 지킵니다. 오늘날 여전히 전통적인 병 발효 없이도 3~4주간 이스트가 숙성될 때까지 유지됩니다. 오직 최고의 날재료만이 사용됩니다. 다년간의 경험과 지속적인 품질 관리 덕에 확실한 맛을 보장합니다. 모두를 위한 백맥주입니다.",,,,,,,,,,,,,,
2469,에딩거 둔켈(Erdinger Dunkel),Erdinger Weissbräu,둔켈바이젠(Weissbier - Dunkelweizen),Erding,,Germany,0.053 ,null,159,3.21,성분 : 물; 밀 맥아; 보리 맥아; 로스트된 맥아; 홉스; 누룩. 이름이 Erdinger Weissbier Dunkel에서 Erdinger Dunkel로 변경되었으며 2012년에 abv가 5.6%에서 5.3%로 변경되었습니다. Erdinger Weissbier 'dark'는 Erdinger Weissbräu의 풍부하고 부드러운 밀 맥주 전문 회사입니다. 그것의 생산에 사용되는 벌크 홉과 짙은 맥아는 이 맥주가 풀 바디의 맛을 지니게 합니다. 이 흑맥주 스페셜티는 오래된 제조법에 따라 양조됩니다. 그것의 풍부한 맛은 또한 원래의 맥아즙에서의 증가 비율 (대략 13 %)에서 유래합니다. 5.3%의 도수에도 불구하고 질 높은 효모로 만들어진 Erdinger Weissbier보다 알코올이 더 높지 않습니다.,,,,,,,,,,,,,,
2506,밸러스트 포인트 페일 에일(Ballast Point Pale Ale),Ballast Point Brewing Company (Constellation Brands),쾰쉬(Kölsch),San Diego,California,USA,0.052 ,23,156,3,"편집자 주 : 이전에 Yellowtail Pale Ale로 알려짐 Ballast Point를 시작한 맥주. 우리의 원래 창백한 에일은 향기로운 독일 홉을 사용하여 만들어졌으며 미국식과 뮌헨 식 몰트를 혼합하여 완성되었습니다. 라거처럼 뛰어 다니는 동안, 우리는 과일과 향신료의 힌트가있는 부드럽고 밝은 맛을 내기 위해 에일처럼 그것을 발효시킵니다. Kolsch가 좋아야 함에도 불구하고 매우 복잡합니다. 훌륭한 공예 맥주 요구 사항입니다.",,,,,,,,,,,,,,
2508,밸러스트 포인트 빅 아이 IPA(Ballast Point Big Eye IPA),Ballast Point Brewing Company (Constellation Brands),,San Diego,California,USA,0.070 ,84,210,3.74,,,,,,,,,,,,,,,
2511,코나 파이어 락 페일 에일(Kona Fire Rock Pale Ale),Kona Brewing Company (Craft Brew Alliance),페일 에일(Pale Ale),Kailua Kona,Hawaii,USA,0.059 ,35,177,3.19,"Fire Rock Pale Ale은 신선하고 상쾌한 ""하와이 스타일""의 에일입니다. 독특한 구리 숯 색소는 독특한 볶은 몰트가 독특하게 혼합 된 결과입니다. 발음 된 감귤류 꽃 호프 향은 Galena, Cascade & Mt. 후드 홉이 각 양조에 추가되었습니다.",,,,,,,,,,,,,,
2514,레페 블론드(Leffe Blonde),Anheuser-Busch InBev Belgium (AB InBev),벨지안 에일(Belgian Ale),Leuven,,Belgium,0.066 ,null,198,3.36,"케그 (Keg and bottle) : 필터링 됨. Vieux Temps 효모를 사용합니다. Leffe Blond는 매끄럽고 맑은 황금색의 창백한 대수 맥주이며 매끄럽고 풍부한 바디 맛과 풍부한 크림 머리를 가지고 있습니다. 모든 Leffe 맥주와 마찬가지로 마시는 것이 쉬운 '감정가'맥주입니다 . """,,,,,,,,,,,,,,
2516,레페 브라운(Leffe Brune),Anheuser-Busch InBev Belgium (AB InBev),애비 두벨(Abbey Dubbel),Leuven,,Belgium,0.065 ,null,195,3.47,,,,,,,,,,,,,,,
2526,마레드소스 8 브륀(Maredsous 8 Bruin),Duvel Moortgat,애비 두벨(Abbey Dubbel),Breendonk-Puurs,,Belgium,0.080 ,null,240,3.55,"성분 : 물, 보리 맥아, 홉, 설탕, 효모. Maredsous의 수도원 공동체의 감독하에 양조된 갈색 또는 브루넷의 에일. Benedictine 전통에 따라 양조된 최고 발효 맥주. 병에서 재발효되고, 두 달 동안 숙성됩니다. Maredsous Brown은 6~10℃의 온도에서 서브되었을때 이상적입니다.",,,,,,,,,,,,,,
2530,세인트 버나두스 앱트 12(St. Bernardus Abt 12),St. Bernardus Brouwerij,애비 쿼드루펠(Abbey Quadrupel),Watou,,Belgium,0.100 ,null,300,4.14,"St. Bernardus Abt 12는 우리 양조장의 프라이드입니다. 클래식한 벨기에 쿼드러플 스타일의 에비 에일입니다. 풍부한 과일향을 갖고 있으며 홉 맛과 길고 달콤씁슬한 끝맛이 어우러져 훌륭한 맥주입니다. 전 세계적으로 가장 훌륭한 맥주 중 하나라고 인정받고 있습니다. 풍부한 맛을 지니며, 맥아향, 쓴맛, 단맛이 완벽한 조화를 이루는 술입니다.",,,,,,,,,,,,,,
2533,코나 롱보드 아일랜드 라거(Kona Longboard Island Lager),Kona Brewing Company (Craft Brew Alliance),페일 라거(Pale Lager),Kailua Kona,Hawaii,USA,0.046 ,18,138,2.76,병 : 여과 된 Longboard Island Lager는 추운 온도에서 몇 주 동안 발효되고 숙성 된 부드럽고 상쾌한 맥주입니다. 섬세하고 약간 매운 호프 향이이 맥주의 몸을 보완합니다.,,,,,,,,,,,,,,
2536,코나 빅웨이브(Kona Big wave Golden ale),Kona Brewing Company (Craft Brew Alliance),골든 에일(Golden Ale),Kailua Kona,Hawaii,USA,0.044 ,21,132,3,"우리의 양조자들은 하루 종일 물 위에서 쉬었던 맥주를 만들고 싶었습니다. Big Wave Golden Ale은 티켓입니다. 빅 웨이브 (Big Wave)는 라일락 바디의 황금 에일이며 열대 홉 향기와 향이납니다. 부드럽고 쉽게 마시는 상쾌한 에일입니다. 카라멜 맥아의 사용은이 맥주의 황금빛 색조에 기여하며, 우리의 특별한 홉의 조화는 밝은 담금질 마무리를 제공합니다. 10.3 ° Malts : Pale (Premium 2-Row), 캐러멜 홉 : Galaxy, Citra",,,,,,,,,,,,,,
2661,로스트 코스트 다운타운 브라운(Lost Coast Downtown Brown),Lost Coast Brewery & Cafe,브라운 에일(Brown Ale),Eureka,California,USA,0.050 ,null,150,3.32,로스트된 결정질인 맥아의 맛을 가미한 매끄럽고 맛이 풍부한 너트 브라운 에일. 이 에일은 포터나 스타우트의 무거운 맛이 없는 어두운 색입니다.,,,,,,,,,,,,,,
3029,페로니 나스트라즈로(Peroni Nastro Azzurro),Birra Peroni Industriale (Asahi),프리미엄 라거(Premium Lager),Roma,,Italy,0.051 ,null,153,2.16,,,,,,,,,,,,,,,
3060,라이언 라거(Lion Lager),Lion Brewery (Sri Lanka),프리미엄 라거(Premium Lager),Biyagama,,Sri Lanka,0.048 ,null,144,2.28,의심 할 여지없이 우리의 순한 맥주 중에서 가장 잘 팔리는 라이온 라거 (Lion Lager)는 4.8 %의 알코올을 함유하고 있으며 위대한 갈증 흡수제로 알려져 있습니다. 과일과 캐러멜 맛을내는 황금 볶은 맥아는 홉스 노트가 적고 달콤함이 약간 있습니다. 매력적인 라벨링은 정교한 검정색과 황금색으로 강하고 경솔한 황금 사자를 환상적인 리더십과 힘을 상징하는 사바나의 왕으로 선보입니다.,,,,,,,,,,,,,,
3061,라이언 스타우트(Lion Stout),Lion Brewery (Sri Lanka),포린 스타우트(Stout - Foreign / Extra),Biyagama,,Sri Lanka,0.088 ,null,264,3.77,"어두운 캐러멜, 8.8 % 알콜 함유량의 대형 고밀도 향이 나는 양조장은 초콜릿과 커피의 달콤한 노트가 어둡게 볶은 보리를 기초로 산재 해 있기 때문에 독특합니다. 지도력, 힘, 집중력과 힘을 나타내는 상징적 인 검은 색은 황혼의 사자 여행이 무섭지 않고, 무심코 열심히 다니며 도전받지 않은 상태이기 때문에 표지에있어 지배적입니다.",,,,,,,,,,,,,,
3126,타이거(Tiger Beer),Singapore Brewery (Asia Pacific Breweries-Heineken),페일 라거(Pale Lager),Singapore,,Singapore,0.050 ,null,150,2.14,"병, 캔 및 케그 : 필터링 됨. 타이거는 싱가포르의 열렬한 거리 - 열대 섬 도시 국가 - 바쁜 무역지이자 아시아, 인도, 영국의 영향과 문화가 어우러진 곳에서 태어났습니다. '열대 지방 조사'과정은 용감하게 창의적이고 소박한 맥주를 양조합니다. 그 결과 세계에서 가장 빠르게 성장하는 프리미엄 맥주 중 하나 인 강렬하고 상쾌한 맛이납니다. 성분 : Pilsner 맥아당, 옥수수 설탕, 효모 및 고귀한 홉. (330ml 병당 나트륨 33mg)",,,,,,,,,,,,,,
3370,크롬바허 필스(Krombacher Pils),Krombacher Privatbrauerei Kreuztal,필스너(Pilsener),Kreuztal-Krombach,,Germany,0.048 ,null,144,2.76,"왜 우리는 이미 우수한 맛을 끊임없이 향상시키려고 노력해야합니까? 그것은 우리의 강점 중 하나입니다. 우리는 제품이 완성되고 풍미가 완성 될 때를 인식할 수 있습니다. 우리는 크롬 바허의 강점인 연속성과 안정성을 믿습니다. 평화 속에는 힘과 방종이 모두 놓여 있습니다. 자연은 풍부한 산의 샘물을 제공합니다. 우리는 또한 이것을 Krombacher Pils의 선물로 생각하고 이 자연의 보석을 순수하게 보존하는 것을 의무와 책임으로 생각합니다. 산의 샘물은 Krombacher 라거의 독특한 맛의 가장 중요한 요소입니다. Krombacher는 자연답고 신선하며, 향긋한 맥주를 대표합니다. 앞으로 얼마나 많은 세대가 이를 보존할지는 우리의 열정에 달려있습니다.",,,,,,,,,,,,,,
3784,스타로프라멘 프리미엄 라거(Staropramen Premium Lager),Staropramen Breweries (Molson Coors),체코 필스너(Czech Pilsner),Prague,,Czech Republic,0.050 ,27,150,2.82,"섬세한 꽃 향기가 나는 옅은 황금빛 색조와 홉의 신선함과 숭어의 부드러움이 매우 마시기 좋은 맛을 결합시킨 맛. 색상, 거품, 향기와 풍미가 맥주의 핵심입니다. Žatec을 포함하여 2 종류의 엿기름과 5 종류의 홉에서 양조되어 이 발효 맥주의 독특한 감각적인 프로필을 만듭니다.",,,,,,,,,,,,,,
3958,르페브르 호퍼스(Lefebvre Hopus),Brouwerij Van Steenberge,벨지안 스트롱 에일(Belgian Strong Ale),Ertvelde,,Belgium,0.105 ,null,315,3.8,,,,,,,,,,,,,,,
4003,예퍼 필스너(Jever Pilsener),Friesisches Brauhaus zu Jever (Oetker Group),필스너(Pilsener),Jever,,Germany,0.049 ,null,147,3.05,"독특한 맛. 그 비밀은 물속에 있으며, 이것은 100 년 전에도 사용 된 것과 같은 우물에서 채취됩니다. 우리 우물에서 나오는 물은 비정상적으로 순수하고 부드럽습니다. 그래서 우리는 Jever Pilsner와 다른 맥주를 구별하는 Friesian-bitter taste를 만들기 위해 더 많은 홉을 사용합니다.",,,,,,,,,,,,,,
4007,데스페라도스(Desperados),Heineken (France),라들러(Radler / Shandy),Rueil-Malmaison,,France,0.059 ,null,177,1.71,,,,,,,,,,,,,,,
4026,쾨니히 필스너(König Pilsener),König Brauerei (Bitburger),필스너(Pilsener),Duisburg,,Germany,0.049 ,null,147,2.85,맥주의 왕 - 독특한 맛. 최고 품질의 프리미엄 필러.,,,,,,,,,,,,,,
4040,벨틴스 필스너(Veltins Pilsner),Brauerei C.& A. Veltins,필스너(Pilsener),Meschede-Grevenstein,,Germany,0.048 ,null,144,2.78,병 : 필터링 된 선명하고 깨끗한 고전적인 독일 라거,,,,,,,,,,,,,,
4314,벨헤이븐 위 헤비(Belhaven Wee Heavy),Belhaven (Greene King),스카치 에일(Scotch Ale),Dunbar,East Lothian,Scotland,0.074 ,26,222,3.56,"병 : 저온 살균, 수출 전용. 이전 6.5 % Belhaven Wee Heavy는 깊은 맛을 가지고 있습니다. 맥주를 마시고, 맛을보고, 존경받는 맥주.",,,,,,,,,,,,,,
4459,크로넨버그 1664(Kronenbourg 1664),Kronenbourg (Carlsberg),페일 라거(Pale Lager),Obernai,,France,0.055 ,null,165,2.28,"케그 & 병; 저온 살균. 성분 : 물, 보리 맥아, 옥수수, 밀 맥아, 색상 : 카라멜, 홉 추출물 크로넨 부르그 1664는 프랑스의 1 위 맥주 판매량과 영국에서 두 번째로 큰 판매 프리미엄 맥주입니다. Kronenbourg 1664는 알자스 (Alsace)의 향기로운 홉 (hop)을 포함하여 독특한 홉 (hop)을 혼합하여 만들어졌습니다.",,,,,,,,,,,,,,
4486,벨헤이븐 스카티시 에일(Belhaven Scottish Ale),Belhaven (Greene King),비터(Bitter),Dunbar,East Lothian,Scotland,0.039 ,25,117,3.26,"Export라고도 알려져 있습니다. 이 맥주에는 두 가지 버전이 있습니다. 하나는 미국 시장의 5.2%도수 버전, 그리고 유럽의 3.9%버전입니다.",,,,,,,,,,,,,,
4560,마이젤 바이스비어(Maisel's Weisse),Brauerei Gebr. Maisel Bayreuth,헤페바이젠(Weissbier - Hefeweizen),Bayreuth,,Germany,0.052 ,12,156,3.54,전통 바바리안(Bavarian) 스타일에 따라 지하 저장고 효모의 특징적인 성격을 지닌 전통적인 위스 비어입니다.,,,,,,,,,,,,,,
4565,라 트라페 쿼드루펠(La Trappe Quadrupel),La Trappe Trappist - Abdij O.L.V. Koningshoeven (Bavaria),애비 쿼드루펠(Abbey Quadrupel),Berkel-Enschot,,Netherlands,0.100 ,null,300,3.86,,,,,,,,,,,,,,,
4574,골든 이글 비어(Golden Eagle Beer),Mohan Meakin Breweries,페일 라거(Pale Lager),Ghaziabad,,India,0.050 ,null,150,1.9,인도의 길고 덥고 목이 마른 여름에 없어서는 안될 풍부한 호박색 액체. Mohan Meakin Breweries는 1 세기와 4 분기 동안 국가의 갈증을 해소했습니다. 골든 이글 (Golden Eagle)은 술꾼들의 선호도가 인도의 맥주 왕으로 알려지게되었습니다. 국제 시장에서 맛과 품질면에서이 맥주는 1982 년부터 몬드 셀렉션에서 금메달을 다. Golden Eagle Beer는 워싱턴 잡지가 주최 한 국제 맥주 테스터 패널이 심사 한 세계 7 대 맥주 중 하나이다. .,,,,,,,,,,,,,,
4583,바이헨슈테파너 헤페바이스비어 둔켈(Weihenstephaner Hefeweissbier Dunkel),Bayerische Staatsbrauerei Weihenstephan,둔켈바이젠(Weissbier - Dunkelweizen),Freising,,Germany,0.053 ,14,159,3.59,,,,,,,,,,,,,,,
4691,노스 코스트 애크미 캘리포니아 페일 에일(North Coast Acme California Pale Ale),North Coast Brewing Company,아메리칸 페일 에일(American Pale Ale),Fort Bragg,California,USA,0.050 ,21,150,2.88,"애크미 캘리포니아 페일 에일(ACME CALIFORNIA PALE ALE)는 감귤과 꿀의 풍미 및 건조한 마무리를 지닌 매끄럽고 깨끗한 에일입니다. 야키마 밸리 홉(Yakima Valley hops)과 최고급 미국식 2열 맥아(two-row malt)와 함께 양조되지만 영국식 전문 맥아의 깊이를 지니고 있습니다. 이 편하게 마실 수 있는 페일 에일은 서쪽의 동네 주점과 식당 (그리고 냉장고)에서 환영받는 ""세션 맥주""입니다.",,,,,,,,,,,,,,
4751,디에이비 엑스포트(DAB Export),Dortmunder Actien Brauerei (Oetker Group),도르트문더(Dortmunder),Dortmund,,Germany,0.050 ,null,150,2.66,전통적인 dortmunder 유형입니다.,,,,,,,,,,,,,,
4788,킬케니(Kilkenny),St. James's Gate (Diageo),아이리시 에일(Irish Ale),Dublin,,Ireland,0.043 ,null,129,2.9,,,,,,,,,,,,,,,
4792,뢰벤브로이 오리지널(Löwenbräu Orginal),Löwenbräu Munich (AB InBev),도르트문더(Dortmunder),Munich,,Germany,0.052 ,null,156,2.59,,,,,,,,,,,,,,,
5205,카스테일 동커(Kasteel Donker),Brouwerij Van Honsebrouck,벨지안 스트롱 에일(Belgian Strong Ale),Emelgem,,Belgium,0.110 ,null,330,3.61,"병든 벨기에 갈색에. 풍부한 시음을 거친 후 점쟁을 나누다 요구 사항을 충족 시키려면 양측에 힘을 합친다. 과거의 질은 현재의 것입니다. 카 스틸 비어 (Kasteelbier)는 어썸 로고를 지닌 맥주입니다. 점프. 여러 군대에 대해서. 11 % abv, 섭씨 12도에서 제공 (54 ° F)",,,,,,,,,,,,,,
5366,애크미 캘리포니아 IPA(Acme California IPA),North Coast Brewing Company,인디아 페일 에일(IPA),Bragg,California,USA,0.065 ,55,195,3.23,,,,,,,,,,,,,,,
5368,트리펠 카르멜릿(Tripel Karmeliet),Brouwerij Bosteels (AB InBev),애비 트리펠(Abbey Tripel),Buggenhout,,Belgium,0.084 ,null,252,3.93,"1996년 처음 양조됨; 밀, 귀리 및 보리를 사용하는 1679년의 제조법에 근거한다고 알려짐. Tripel Karmeliet는 환상적인 크림 헤드를 가진 매우 세련되고 복잡한 양조주입니다. 이러한 특성은 사용된 곡물들 뿐만 아니라 Styrians의 정제된 호핑과 효모의 과일스러운 특성(바나나 및 바닐라)에서도 유래합니다. Tripel Karmeliet는 밀의 가볍고 신선함뿐만 아니라 레몬과 함께 오트밀의 크리미함을 지니고 있습니다.",,,,,,,,,,,,,,
5400,트라피스트 로슈포르 8(Trappistes Rochefort 8),Brasserie Rochefort,벨지안 스트롱 에일(Belgian Strong Ale),Rochefort,,Belgium,0.092 ,null,276,4.07,"Rochefort 10의 저 중력 사촌. ""Spéciale""( 'The Special')라는 별명을 가진이 맥주는 가장 최근의 생산품입니다. Rochefort 8은 더 풍부한 색감과 더욱 풍부한 향기 (더 무거운 무화과 모양의)와 약간 더 매콤한 건조감을 가졌으며, 케이크와 같이 최종 노트에 균형있는 마무리를 부여합니다.",,,,,,,,,,,,,,
5556,로스트 코스트 인디카 IPA(Lost Coast Indica India Pale Ale),Lost Coast Brewery & Cafe,인디아 페일 에일(IPA),Eureka,California,USA,0.065 ,null,195,3.69,,,,,,,,,,,,,,,
5571,바바리아 프리미엄 비어(Bavaria Premium Beer),Bavaria Brouwerij (Swinkels Family Brewers),페일 라거(Pale Lager),Lieshout,,Netherlands,0.050 ,null,150,2.17,"Beer, Bier, Pils, Pilsener, Pilsner 등 다양한 이름으로 판매되고 있으며, 미국에서는 보통 4.8%의 도수를 가지고 있습니다. 라벨에서 종종 ""홀란드""라는 문구를 갖고 있습니다. 영국에서는 Tesco Premium Lager라는 이름으로 판매되고 있습니다. 재료는 물, 맥아보리, 밀, 홉입니다.",,,,,,,,,,,,,,
5583,에잇 볼 스타우트(8 Ball Stout),Lost Coast Brewery & Cafe,스위트 스타우트(Stout - Sweet),Eureka,California,USA,0.058 ,null,174,3.72,희미한 마음도 아닙니다! 우리의 튼튼한 구운 맛은 볶은 몰트 (말토는 커피 원두처럼 구워집니다)와 무거운 홉이 강한 맛입니다. 크림 같은 매끄러운 놀람.,,,,,,,,,,,,,,
5584,로스트 코스트 그레이트 화이트(Lost Coast Great White),Lost Coast Brewery & Cafe,윗비어(Witbier),Eureka,California,USA,0.048 ,null,144,2.97,"벨기에 스타일 맥주의 미국 버전입니다.이 여과되지 않은 맥주는 반투명한 금색이며 하얀 거품을 냅니다. 모순된 말인 것 같지만, 이 술은 입앗에서 감칠맛이 나지만 놀랍도록 넘기기 쉽습니다. 귤조각으로 토핑되어 고수, Humbolt 약초와 함께 제공됩니다. 살짝 단 맛이 나고 언제라도 마시기 좋습니다.",,,,,,,,,,,,,,
5719,존 스미스 엑스트라 스무스(John Smith's Extra Smooth),John Smiths (Heineken UK),잉글리스 비터/페일 에일(English Bitter/Pale Ale,Tadcaster,,England,0.036 ,23,108,2.51,"Extra Smooth는 질소와 함께 제공됩니다. ""Extra Cold""라는 같은 맥주이지만 온도는 더 낮은 버전이 있습니다. John Smiths는 영국 비터 맥주 시장에서 가장 큰 비율을 차지하며 전체의 15 % 이상을 차지하고 있습니다.",,,,,,,,,,,,,,
6084,세종 1900(Saison 1900),Brasserie Lefebvre,세종(Saison),Rebecq-Quenast,,Belgium,0.054 ,null,162,3.21,이것은 혀에 가벼운 바닐라 풍미가 섬세한 균형과 상쾌한 맥주입니다.,,,,,,,,,,,,,,
6945,뒤셰스 드 부르고뉴(Duchesse De Bourgogne),Verhaeghe,사우얼 레드(Sour Red / Brown),Vichte,West-Vlaanderen,Belgium,0.062 ,null,186,3.71,"뒤셰스 드 부르고뉴(Duchesse De Bourgogne)는 벨기에의 West-Flanders 지역에서 전통적으로 발효 된 적갈색 에일입니다. ""벨기에 부르고뉴 (Burgundies of Belgium)""라고도 알려진 이 세련된 에일은 오크 통에서 오랫동안 성숙한 후 8개월에서 18개월 된 에일을 혼합한 것입니다. 100% 천연이며 저온 살균되지 않음.",,,,,,,,,,,,,,
7068,비어라오(Beerlao Lager Beer),Lao Brewery Co (Carlsberg),페일 라거(Pale Lager),Vientiane,,Laos,0.050 ,null,150,2.14,,,,,,,,,,,,,,,
7777,프뤼 쾰쉬(Früh Kölsch),Cölner Hofbräu P. Josef Früh,쾰쉬(Kölsch),Cologne,,Germany,0.048 ,null,144,2.95,가족 양조장의 Peter Josef Früh가 만든 조리법에 따라 만들어진 이 최고 발효 특수 맥주는 최고의 성분을 함유하고 있으며 독일 순도 법에 따라 양조됩니다. 도시의 명물 중 하나가 된 쾰른의 인기 맥주.,,,,,,,,,,,,,,
8572,에스트레야 담(Estrella Damm),Grupo Damm,페일 라거(Pale Lager),Barcelona,,Spain,0.054 ,null,162,2.18,,,,,,,,,,,,,,,
9010,카스테일 루지(Kasteel Rouge),Brouwerij Van Honsebrouck,프루트 비어(Fruit Beer),Emelgem,,Belgium,0.080 ,null,240,3.47,Kasteel Rouge는 Kasteel Donker와 체리 주류가 혼합 된 제품입니다. 이 두 가지 우수한 제품이 섞여있어 짙은 색 맥주에 대한 언급이있는 부드러운 맥주가 만들어집니다.,,,,,,,,,,,,,,
9137,하비스턴 올드 엔진 오일(Harviestoun Old Engine Oil),Harviestoun,포터(Porter),Alva,Central,Scotland,0.060 ,null,180,3.71,"병 : 필터링 됨. 성분 : 옅은 맥아; 볶은 보리; 귀리; 워싱톤 Galena, 워 체스터 Fuggles 및 켄트 Goldings 홉. 1970 년대 홈 브루 잉 레시피에서 파생 된 풍부하고 풍부한 바디 맥주. 사악하게 매끄러운 초콜렛은 풍미를 지배합니다. 이것은 홉의 괴로움에 의해 균형을 잘 잡습니다.",,,,,,,,,,,,,,
9140,하이트(Hite Beer),HiteJinro,페일 라거(Pale Lager),Seoul,,South Korea,0.043 ,null,129,1.87,,,,,,,,,,,,,,,
9170,오리온(Orion),Orion Breweries Limited (Asahi),페일 라거(Pale Lager),Urasoe-City,Okinawa,Japan,0.050 ,null,150,2.31,,,,,,,,,,,,,,,
9395,몬티스 셀틱 레드(Monteiths Celtic Red),Monteiths Brewing Co.,아이리시 에일(Irish Ale),Greymouth,,New Zealand,0.044 ,null,132,2.68,"어두운 금색이고, 톡톡 튀는 맛입니다.",,,,,,,,,,,,,,
9397,몬티스 오리지날 에일(Monteiths Original Ale),Monteiths Brewing Co.,엠버 에일(Amber Ale),Greymouth,,New Zealand,0.040 ,null,120,2.65,Monteiths가 생산한 첫 맥주입니다.,,,,,,,,,,,,,,
9984,웨팅어 헤페바이젠(Oettinger Hefeweizen),Oettinger Bier Gruppe,헤페바이젠(Weissbier - Hefeweizen),Oettingen,,Germany,0.049 ,null,147,2.75,,,,,,,,,,,,,,,
10526,히타치노 네스트 화이트 에일(Hitachino Nest White Ale),Kiuchi Brewery (Hitachino),윗비어(Witbier),Naka,Konosu,Japan,0.055 ,13,165,3.39,"히타치노 네스트 화이트 에일은 고수풀, 육두구, 오렌지 껍질 및 오렌지 주스가 든 벨기에 스타일의 화이트 맥주의 전통을 기반으로 양조됩니다. 엿기름 : 라거, 밀 홉 : Perle, Styrian Golding 부속물 : Flaked 밀, Flaked 보리, 고수풀, 육두구, 오렌지 껍질, 오렌지 주스 Original Gravity : 1.06",,,,,,,,,,,,,,
11728,OB Blue,Oriental Brewery (AB-InBev),페일 라거 (Pale Lager),Seoul,,South Korea,0.044 ,null,132,1.61,"원래 1948 년에 양조되었고, 2003년에 OB Lager에서 OB로 변경되었다가 2006년 6월, OB Blue로 변경되었습니다. 영원한 유산, 장인 정신 및 새로운 쌀 첨가는 산뜻한 맛을 제공하여 OB를 가장 마시기 좋은 맥주로 만듭니다.",,,,,,,,,,,,,,
12269,세인트 버나두스 윗(St. Bernardus Wit),St. Bernardus Brouwerij,윗비어(Witbier),Watou,,Belgium,0.055 ,null,165,3.58,St. Bernardus Wit는 전설적인 양조 장인 피에르 셀리스와 함께 개발하고 만든 전통 벨기에 백맥주입니다. 이 에일은 매우 창백하고 흐릿한 백금색을 띕니다. 향은 밀 향과 사과의 시큼한 향이 섞여있습니다.  고수초의 약초향과 오렌지의 달콤함이 섞인 완벽한 갈증해소용 술입니다.,,,,,,,,,,,,,,
12775,카스 프레쉬(Cass Fresh),Oriental Brewery (AB-InBev),페일 라거 (Pale Lager),Seoul,,South Korea,0.045 ,null,135,1.76,"Cass는 1994 년에 출시되어 차별화 된 맥주 맛을 찾고있는 주류 맥주 소비자들을 위해 양조되었습니다. Cass는 청량감 (100% 저온 살균되지 않은 양조 과정)과 탄산 음료, 선명하고 반짝이는 미각을 강조하면서 활동적이며 현대적인 소비자들에게 신선함과 활력을 줍니다.",,,,,,,,,,,,,,
15747,산토리(Suntori),Suntory Liquors Limited,프리미엄 라거(Premium Lager),Osaka,,Japan,0.055 ,null,165,2.68,,,,,,,,,,,,,,,
16684,셀리스 화이트(Celis White),Michigan Brewing Company,윗비어(Witbier),Webberville,Michigan,USA,0.043 ,null,128,3.37,"셀리스 화이트 (Celis White)는 설립자이자 그의 딸인 크리스틴 셀리스 (Christine Celis)의 축복으로 미시간 양조 회사 (Michigan Brewing Company)에 의해 부활되었습니다. 1990 년대 초반과 중반에 피에르 셀리스 (Pierre Celis)에 의해 텍사스 오스틴 (Austin, TX)에서 양조 된 원래의 셀리스 화이트 (Celis White)는 생산을 중단했으며, 셀리스 씨는 오스틴의 양조장을 폐쇄하고 벨기에로 이사했습니다. 2002 년 Michigan Brewing Company는 Celis를 인수했고 Celis 맥주는 다시 생산되었습니다. 미시간 맥주 양조업은 2012 년에 종전까지 셀리스 맥주의 생산을 계속했습니다. 2012 년 6 월, 셀리스 상표는 셀리스 가족에게 돌아 왔습니다. 2014 년에 Christine Celis는 Connecticut의 Two Roads Brewery에서 Pierre Celis의 독창적 인 조리법을 사용하기 시작했습니다. [ABV는 이전에 3.9 % - kmweaver]",,,,,,,,,,,,,,
17334,하얼빈(Harbin Beer),Harbin Beer Company (AB InBev),페일 라거(Pale Lager),Harbin,,China,0.048 ,null,144,2.01,,,,,,,,,,,,,,,
34973,히타치노 네스트 제페니스 클래식 에일(Hitachino Nest Japanese Classic Ale),Kiuchi Brewery (Hitachino),인디아 페일 에일(IPA),Naka,Konosu,Japan,0.070 ,40,210,3.5,"이 일본 전통 에일은 에도 시대의 일본 최초의 맥주를 재현한 것입니다. 영국의 오래된 IPA 방식과 같은 삼나무 배럴에서 숙성 된 일본의 맛을 즐기십시오. 홉 : 치누크, 펄, 켄트 몰딩 몰트 : 페일, 뮌헨, 크리스탈 SRM : 11",,,,,,,,,,,,,,
35424,크로넨버그 1664 블랑(Kronenbourg 1664 Blanc),Kronenbourg (Carlsberg),윗비어(Witbier),Obernai,,France,0.050 ,null,150,2.72,,,,,,,,,,,,,,,
40320,제임스 스콰이어 더 챈서 골든 에일(James Squire The Chancer Golden Ale),Malt Shovel Brewery (Lion Co.),골든 에일(Golden Ale),Sydney,,Australia,0.045 ,null,135,2.92,Golden Ale은 풍부한 에일맛과 라거의 목넘김을 갖고 있는 완벽한 여름용 음료입니다.,,,,,,,,,,,,,,
57370,비숍 프리츠 발터(Bischoff Fritz Walter),Privatbrauerei Bischoff Winnweiler,필스너(Pilsener),Winnweiler,,Germany,0.047 ,null,141,2.57,null,,,,,,,,,,,,,,
65278,코나 파이프라인 포터(Kona Pipeline Porter),Kona Brewing Company (Craft Brew Alliance),포터(Porter),Kailua Kona,Hawaii,USA,0.053 ,23,159,3.51,파이프 라인 포터 (Pipeline Porter)는 프리미엄 맥아 보리를 다양하게 혼합 한 독특한 겉 핥기 한 향과 흙의 복잡성으로 부드럽고 어둡습니다. 이 맥아 축하는 하와이의 빅 아일랜드에있는 콘웰 웰스에서 재배 된 갓 볶은 100 % 코나 커피와 결합하여 독특한 로스팅 된 향과 맛을 선사합니다. 섬세한 홉의 조화가이 맛좋은 양조주를 마무리합니다.,,,,,,,,,,,,,,
68039,5.0 오리지날 바이젠(5.0 Original Weizen),Brauerei Braunschweig (Oettinger),헤페바이젠(Weissbier - Hefeweizen),Braunschweig,,Germany,0.050 ,null,150,2.57,,,,,,,,,,,,,,,
70791,바이헨슈테파너 비투스(Weihenstephaner Vitus),Bayerische Staatsbrauerei Weihenstephan,바이젠복(Bock - Weizenbock),Freising,,Germany,0.077 ,17,231,3.77,,,,,,,,,,,,,,,
71055,히타치노네스트 에스프레소 스타우트(Hitachino Nest Espresso Stout),Kiuchi Brewery (Hitachino),스타우트(Stout),Naka,Konosu,Japan,0.070 ,36,210,3.83,"캬라멜, 볶은 검은 색과 초콜릿 엿기름은 풍미처럼 커피를 폭발시킵니다. 강한 에스프레소 특성은 종기에 에스 프레소 콩을 첨가 한 것입니다. 바닐라, 어두운 과일, 코코아, 초콜릿 노트. 히타치노 네스트 에스프레소 스타우트 (Hitachi Neest Espresso Stout)의 아주 특별한 특징은 키우치 맥주가 러시아 황제의 요리법을 기본으로 사용하고 있기 때문입니다. 피치 블랙 컬러, 큰 갈색 머리. 초콜렛, 볶은 쓴 맛, 까막 까치밥 나무, 어두운 과일의 아로마. 홉 : 치누크, 켄트 몰딩 몰트 : 창백하고, 수정체가 있고, 검은 색, 초코렛 기타 : 볶은 보리, 커피 콩 SRM : 100",,,,,,,,,,,,,,
71469,크롬바커 바이젠(Krombacher Weizen),Krombacher Privatbrauerei Kreuztal,헤페바이젠(Weissbier - Hefeweizen),Kreuztal-Krombach,,Germany,0.053 ,null,159,3.14,,,,,,,,,,,,,,,
72025,에델바이스 스노우프레쉬(Edelweiss Weissbier Snowfresh),Hofbräu Kaltenhausen (Brau Union),헤페바이젠(Weissbier - Hefeweizen),Hallein,,Austria,0.050 ,null,150,3.25,,,,,,,,,,,,,,,
72311,대동강(Taedonggang Beer),Taedonggang Beer Brewery,페일 라거(Pale Lager),Pyongyang,,North Korea,0.050 ,null,150,2.04,,,,,,,,,,,,,,,
72515,코나 와일루아 위트(Kona Wailua Wheat),Kona Brewing Company(Craft Brew Alliance),프루트 비어(Fruit Beer),Kailua Kona,,Hawaii,0.054 ,15,162,2.8,한정판. 폭포 바닥의 담수 수영장에서 수영하는 것은 우리 모두가 낙원에서 찾을 수 있다고 생각하는 것입니다. 마우이에서 오래된 하나 고속도로를 따라 가면 Wailua Falls와 같은 장소를 발견 할 수 있습니다. 이 맑은 물이 급격하게 떨어지는 것을 보고 Wailua Limited에 대한 영감을 얻었습니다. 이 황금빛 태양 색 에일 맥주는 열대 과일의 밝은 감귤 향을 갖고 있습니다. 언제든지 편안히 앉아 편안하고 즐거운 시간을 보내십시오.,,,,,,,,,,,,,,
73158,호가든 로제(Hoegaarden Rosée),Brouwerij Hoegaarden (AB InBev),프루트 비어(Fruit Beer),Hoegaarden,,Belgium,0.030 ,null,90,2.49,,,,,,,,,,,,,,,
80638,코에도 시로(Coedo Shiro Hefeweizen),Kyodo Shoji Koedo Brewery,헤페바이젠(Weissbier - Hefeweizen),Kawagoe-shi,Saitama Prefecture,Japan,0.055 ,null,165,3.09,"이 여과되지 않은 밀 맥주는 밝고, 부드럽고, 살짝 흐릿한 색깔을 갖고 있습니다. 밀 맥아와 엄선한 이스트를 사용한 이 신선한 과일색의 음료는 풍부하면서도  부드러운 질감과 깔끔한 목넘김을 갖고 있습니다. 개성있는 맛과 부드러움 때문에 하양이라는 뜻의 ""시로""라는 이름이 붙었습니다. ",,,,,,,,,,,,,,
82651,코에도 베니아카(Coedo Beniaka),Kyodo Shoji Koedo Brewery,비엔나 라거(Vienna Lager),Kawagoe-shi,Saitama Prefecture,Japan,0.070 ,null,210,3.06,"오랜 기간 발효시킨 이 프리미엄 라거는 호박색의 향기가 특징입니다. 양질의 몰트와 구운 고구마, 맥주 장인의 조합의 결과물인 이 맥주는 가와 고에 (Kawagoe)의 유명한 농작물인 킨 토키 (Kintoki) 고구마를 특징으로하는 부슈 (Bushu) 지역 고유의 맥주입니다. 이 맛과 살짝 높은 알코올 함량을 맘껏 즐기시기 바랍니다. 이 맥주를 만드는 데 도움이 된 고구마의 색상에 경의를 표하여 Crimson Red라는 의미의 ""Beniaka""라고 불립니다. 성분 : 엿기름, 홉스, 보리, 고구마.",,,,,,,,,,,,,,
86387,써머스비(Somersby Apple Cider),Carlsberg Brewery,사과주(Cider),Koprivnica,,Croatia,0.045 ,null,135,2.24,,,,,,,,,,,,,,,
88624,에스텔라 담 이네딧(Estella Damm Inedit),Grupo Damm,윗비어(Witbier),Barcelona,,Spain,0.048 ,null,144,3.07,,,,,,,,,,,,,,,
95775,밸러스트 포인트 씨 몬스터 임페리얼 스타우트(Ballast Point Sea Monster Imperial Stout),Ballast Point Brewing Company (Constellation Brands),임페리얼 스타우트(Stout - Imperial),San Diego,California,USA,0.100 ,null,300,3.77,"씨 몬스터 임페리얼 스타우트(Sea Monster Imperial Stout)는 오래 전부터 사랑받아왔던 맥주의 새 버전입니다. 이 맛이 풍부한 흑맥주는 엄청난 10% 의 ABV에 심연처럼 검은, 진짜 괴물입니다. 볶은 커피와 달콤 씁쓸한 초콜렛의 맛은 엿기가 없는 보리 및 귀리의 첨가로 벨벳 같은 매끄러움으로 충만해집니다. Colombus와 Amarillo 홉은 이 풍미 폭탄의 거대한 맥아 특성을 균형있게 잡아줍니다. 알코올은 잘 숨겨져있어 조심하지 않으면 몰래 당신을 취하게 할 것입니다. 대부분의 무서운 괴물 같이, 그것은 조금 위협적일 수 있지만 두려워하지 마세요.",,,,,,,,,,,,,,
96146,르페브르 호퍼스(Lefebvre Hopus),Brasserie Lefebvre,벨기안 IPA(Belgian IPA),Rebecq-Quenast,,Belgium,0.083 ,null,249,3.38,"강렬하고, 씁쓸하며 황금색입니다!",,,,,,,,,,,,,,
97256,라이언 스트롱 비어(Lion Strong Beer),Lion Brewery (Sri Lanka),몰트 리커(Malt Liquor),Biyagama,,Sri Lanka,0.088 ,null,264,2.21,"이 호박색 맥주는 라이온 가족 맥주의 고유 한 맛을 명확하게 보여줍니다. 알코올 함유량이 8.8 % 인 브랜딩은 우리 라이온의 자부심을 나타내며 힘, 힘, 도전받지 않은 승리의 이미지를 만듭니다.",,,,,,,,,,,,,,
102724,리프만스 프루티제(Liefmans Fruitesse),Liefmans (Duvel-Moortgat),프루트 비어(Fruit Beer),Oudenaarde,,Belgium,0.038 ,null,114,2.99,"Liefmans는 딸기, 라즈베리, 체리, billberry 및 elderberry의 자연 과일 주스와 혼합 된 지하실의 실제 체리에서 숙성 된 맥주의 독특하고 상쾌한 조화입니다. 그 결과 Champenoise pearling, 과일 향, 그리고 단호하게 달콤한 음료가 반짝 반짝 빛납니다.",,,,,,,,,,,,,,
112932,래핑 스컬(Atlanta Laughing Skull Amber Ale),Red Brick Brewing Company,앰버 에일(Amber Ale),Atlanta,Georgia,USA,0.053 ,null,159,2.89,,,,,,,,,,,,,,,
118721,브루독 하드코어 IPA,Brew Dog,인디아 페일 에일(IPA),Ellon,Aberdeenshire,Scotland,0.092 ,150,276,3.86,,,,,,,,,,,,,,,
128877,크로네 넵튠 필제너(krone neptun pilsener),Brauerei Braunschweig (Oettinger),필스너(Pilsener),Braunschweig,,Germany,0.049 ,null,147,2.39,null,,,,,,,,,,,,,,
135361,브루독 펑크 IPA(Brewdog Punk IPA),BrewDog,인디아 페일 에일(IPA),Ellon,Aberdeenshire,Scotland,0.056 ,45,168,3.72,"성분 : 엑스트라 페일 맥아; Chinook, Ahtanum, Amarillo, 폭포, Simcoe, 넬슨 Sauvin 홉스. IBUs 45이 신선한 신선하고 맛있는 천연 맥주는 지난 해의 고전적인 IPA에 대한 트리뷰트입니다. 포스트 모던 트위스트는 열대 과일 맛과, 날카롭고 쓴 마무리의 폭발을 주는 홉을 더해줍니다.",,,,,,,,,,,,,,
158976,그린 플래시 레용 베르(Green Flash Rayon Vert),Green Flash Brewing Company,벨지안 에일(Belgian Ale),San Diego,California,USA,0.070 ,32,210,3.69,"만약 Green Flash가 역사적으로 벨기에에 설립되었더라면, Rayon Vert는 우리의 주력 제품이 되었을 것입니다. 선명한 홉의 단층은 전통 맥아 덕에 균형을 잡습니다. 신선한 에일 이스트와 Brettanomyces가 기분좋은 거품과 건조함, 그리고 지속적으로 변하는 맛을 선사합니다.",,,,,,,,,,,,,,
179262,코에도 카라(Coedo Kyara),Kyodo Shoji Koedo Brewery,인디아 스타일 라거(India Style Lager),Kawagoe-shi,Saitama Prefecture,Japan,0.055 ,null,165,3.23,,,,,,,,,,,,,,,
208738,위드머 브라더스 알케미 에일(Widmer Brothers Alchemy Ale),Widmer Brothers Brewing Company (Craft Brew Alliance),아메리칸 페일 에일(American Pale Ale),Portland,Oregan,USA,0.058 ,40,174,3.24,"우리는 매일 물, 맥아, 홉 및 효모를 황금 액체로 바꾸는 연금술을 행합니다. 알케미 에일 (Alchemy Ale)은 수년간의 실험과 특수 홉 혼합물을 통해 양조의 기술과 과학을 표현합니다. 완벽하게 균형 잡힌, 완벽하게 호핑된 에일의 수수께끼를 푸는 데 참여하십시오. Alchemy Ale은 밝고 독특한 홉과 은은한 카라멜 향, 그리고 매우 매끄러운 마무리가 조화를 이룹니다. 우리만의 특수 홉은 해마다 양조업자가 직접 선정한 태평양 북서부 산의 홉들을 혼합 한 것입니다. 이 비밀스런 조화는 모든 맥주의 중추이자 Alchemy Ale의 마법입니다.",,,,,,,,,,,,,,
216649,세븐브로이 IPA(7Bräu IPA),7Bräu,아메리칸 IPA(American IPA),"Gayang-dong, Gangseo-gu",Seoul,South Korea,0.055 ,null,165,2.88,IPA의 한국 버전. 전국 최초의 깡통으로 통조림으로 만든 통조림.,,,,,,,,,,,,,,
221535,예거 라들러(자몽)(Egger Grapefruit Radler),Privatbrauerei Fritz Egger,라들러(Radler / Shandy),Unterradlberg,,Austria,0.025 ,null,75,2.36,,,,,,,,,,,,,,,
229310,퀸즈 에일 엑스트라 비터(Queen's Ale Extra Bitter),HiteJinro,잉글리시 비터/페일 에일(English Bitter/Pale Ale),Seoul,,Korea,0.054 ,null,162,2.93,더욱 강렬하고 심오한 맛을 가진 에일입니다.,,,,,,,,,,,,,,
252000,퀸즈 에일 블론드(Queen's Ale Blonde),HiteJinro,잉글리쉬 페일 에일(Pale Ale - English),Seoul,,South Korea,0.054 ,null,162,3,"프루티, 플로럴하고 시트러스의 풍미와 함께 트리플 호핑 과정을 통해 균형 잡힌 홉의 쓴맛을 지님.",,,,,,,,,,,,,,
271470,클라우드(Kloud),Lotte Liquor BG,페일 라거(Pale Lager),Seoul,,South Korea,0.050 ,null,150,2.28,,,,,,,,,,,,,,,
272841,홉 고블린 골드(Wychwood Hobgoblin Gold),Wychwood (Marston's),골든 에일(Golden Ale),Witney,,England,0.045 ,null,135,3.14,,,,,,,,,,,,,,,
274029,템트 9(Tempt No 9),Royal Unibrew,사과주(Cider),Faxe,,Denmark,0.045 ,null,135,2.77,,,,,,,,,,,,,,,
315443,홉 하우스 13(Hop House 13 Lager),St. James's Gate (Diageo),페일 라거(Pale Lager),Dublin,,Ireland,0.050 ,null,150,2.8,,,,,,,,,,,,,,,
369148,발렌틴스 바이스비어(Valentins Weißbier),Parkbrauerei,라들러(Radler / Shandy),Pirmasens,,Germany,0.026 ,null,78,2.32,,,,,,,,,,,,,,,
376282,맥스(Max Cream),HiteJinro,프리미엄 라거(Premium Lager),Seoul,,South Korea,0.043 ,null,129,2.51,,,,,,,,,,,,,,,
523009,부드바르(Budejovicky Budvar),Budejovický Budvar,체코 필스너(Czech Pilsner),České Budějovice,,Czech Republic,0.040 ,null,120,3.06,"Kräusened lager는 황금 라거에서 기대할 수있는 모든 것을 갖추고 있습니다. Krausening은 양조 보헤미안들이 맥주를 마실 수있는 영예로운 시간입니다. 그것은 여과되지 않으며, 저온 살균되지 않고 우리 지하실에서 성숙합니다. 그런 다음 갓 발효 된 버드 와이저 버드바르 (Budweiser Budvar)를 를 첨가시켜 두 번째 발효를 시작합니다. 이렇게함으로써 이 맥주는에는 부드럽고 자연적인 탄산이 첨가되고 더 드라이하고 깨끗하게 발효됩니다.",,,,,,,,,,,,,,
561067,발라스트 포인트 패덤(Ballast Point Fathom IPA),Ballast Point Brewing Company (Constellation Brands),,San Diego,California,USA,0.060 ,50,180,3.47,,,,,,,,,,,,,,,
610561,싱구 블랙 비어(Xingu Black Beer),Cervejas Premium do Brasil,슈바르츠비어(Schwarzbier),Rio de Janeiro,,Brazil,0.046 ,null,138,2.84,인도 맥주의 오래된 조리법에 영감을 얻은 Xingu Black Beer는 Beverage Testing Institute의 금메달을 세계 최고의 어두운 라 거로 두 번 수상했습니다. 이 예외적 인 맥주는 전 세계적으로 큰 성공을 거두었으며 맥주 비평가부터 팬 및 소비자에 이르기까지 다양합니다. 미묘한 아로마와 개성을 지닌 매우 균형 잡힌 맥주입니다.,,,,,,,,,,,,,,
